{
  "fuel": {
    "diesel": 15905.469593378913,
    "electro": 20966.666666666668,
    "hybrid_petrol": 26025.0,
    "petrol": 15051.26050420168
  },
  "color": {
    "beige": 15012.90322580645,
    "black": 16213.218970736629,
    "blue": 15169.302325581395,
    "brown": 16008.421052631578,
    "green": 5466.666666666667,
    "grey": 15473.837209302326,
    "orange": 19050.0,
    "red": 17441.176470588234,
    "silver": 14940.51282051282,
    "white": 17479.090909090908
  },
  "car_type": {
    "convertible": 18406.666666666668,
    "coupe": 20465.454545454544,
    "estate": 13067.914438502674,
    "hatchback": 13179.43925233645,
    "sedan": 15842.479108635098,
    "subcompact": 9217.64705882353,
    "suv": 22123.90625,
    "van": 14880.645161290322
  }
}