{
  "timestamp": "2026-03-07T17:32:24.201415",
  "random_forest": {
    "mae": 2031.2387000424712,
    "rmse": 2994.046112015934,
    "r2": 0.7942005910180998,
    "mape": 17.908201431624306,
    "tail_rate": 72.80550774526678,
    "tc_ape": 23.65568102842557,
    "training_time_seconds": 2.2544069290161133
  },
  "xgboost": {
    "mae": 1980.6225309650983,
    "rmse": 3043.888612417959,
    "r2": 0.7652948687294544,
    "mape": 18.002490100105494,
    "tail_rate": 67.64199655765921,
    "tc_ape": 25.477598113519086,
    "training_time_seconds": 2.6423001289367676
  },
  "improvements": {
    "mae_improvement_pct": 2.491886801699601,
    "r2_improvement_pct": -3.639599695033046,
    "tail_rate_improvement_pct": 7.092198581560277
  }
}